Workbook

Sheet Niveaux d'eau
A1: Pontons de Carro — référentiel unique des niveaux d'eau et des cotes de l'ouvrage
A2: Toutes les cotes en m CM96 et en m NGF. Conversion : NGF = CM − 0,329 (SHOM RAM 2020 ; AVP H §2.1.1 ; étude MS414803 §7.1). Cellules bleues : données sources.
A3: 0 m CM96 en m NGF | B3: -0.329 | C3: SHOM RAM 2020
A5: Désignation | B5: Symbole | C5: m CM96 | D5: m NGF | E5: Composition | F5: Source
A6: Plus haute mer astronomique — actuel | B6: PHMA | C6: 0.7 | D6: =C6+$B$3 -> 0.371 | F6: AVP H tab. 3 ; MS414803 §7.1
A7: Niveau moyen — actuel | B7: NM | C7: 0.49 | D7: =C7+$B$3 -> 0.161 | F7: AVP H tab. 3 ; MS414803 §7.1
A8: Plus basse mer astronomique — actuel | B8: PBMA | C8: 0.27 | D8: =C8+$B$3 -> -0.059 | F8: AVP H tab. 3 ; MS414803 §7.1
A9: Aléa de référence changement climatique | B9: cc | C9: 0.2 | D9: =C9 -> 0.2 | E9: intégré aux niveaux de période de retour > 1 an ; écart : même valeur en CM et en NGF | F9: AVP H §2.1.2 (circulaire 27/07/2011)
A10: Plus haute mer astronomique — 2050 | B10: PHMA 2050 | C10: =C6+C9 -> 0.9 | D10: =C10+$B$3 -> 0.571 | E10: PHMA + cc | F10: AVP H tab. 4
A11: Niveau moyen — 2050 | B11: NM 2050 | C11: =C7+C9 -> 0.69 | D11: =C11+$B$3 -> 0.361 | E11: NM + cc | F11: AVP H tab. 4
A12: Plus basse mer astronomique — 2050 | B12: PBMA 2050 | C12: =C8+C9 -> 0.47 | D12: =C12+$B$3 -> 0.141 | E12: PBMA + cc | F12: AVP H tab. 4
A13: Surcote météorologique 5 ans | B13: S5 | C13: 0.76 | D13: =C13 -> 0.76 | E13: écart : même valeur en CM et en NGF | F13: AVP H §2.1.1, CETMEF Marseille [DR06]
A14: Surcote météorologique 10 ans | B14: S10 | C14: 0.85 | D14: =C14 -> 0.85 | E14: écart : même valeur en CM et en NGF | F14: idem
A15: Surcote météorologique 20 ans | B15: S20 | C15: 0.93 | D15: =C15 -> 0.93 | E15: écart : même valeur en CM et en NGF | F15: idem
A16: Surcote météorologique 50 ans | B16: S50 | C16: 1.04 | D16: =C16 -> 1.04 | E16: écart : même valeur en CM et en NGF | F16: idem
A17: Niveau de projet 5 ans | B17: N5 | C17: =C7+C13+C9 -> 1.45 | D17: =C17+$B$3 -> 1.121 | E17: NM actuel + S5 + cc | F17: AVP H tab. 5 (1,45)
A18: Niveau de projet 10 ans | B18: N10 | C18: =C7+C14+C9 -> 1.54 | D18: =C18+$B$3 -> 1.211 | E18: NM actuel + S10 + cc | F18: AVP H tab. 5 (1,54)
A19: Niveau de projet 20 ans | B19: N20 | C19: =C7+C15+C9 -> 1.62 | D19: =C19+$B$3 -> 1.291 | E19: NM actuel + S20 + cc | F19: AVP H tab. 5 (1,62)
A20: Niveau de projet 50 ans | B20: N50 | C20: =C7+C16+C9 -> 1.73 | D20: =C20+$B$3 -> 1.401 | E20: NM actuel + S50 + cc | F20: AVP H tab. 5 (1,73)
A21: Niveau d'eau le plus élevé | B21: NPHE | C21: =C6+C16+C9 -> 1.94 | D21: =C21+$B$3 -> 1.611 | E21: PHMA actuel + S50 + cc (marée haute et surcote 50 ans concomitantes) | F21: AVP H §2.1.3 (1,94)
A23: Cotes de l'ouvrage (projet PRO aux cotes AVP)
A24: Élément | B24: m NGF | C24: m CM96 | D24: Situation vis-à-vis de l'eau | E24: Source
A25: Quai actuel | B25: 0.9 | C25: =B25-$B$3 -> 1.229 | D25: =IF(C25<=$C$12,"toujours immergé",IF(C25<=$C$11,"immergé au niveau moyen 2050",IF(C25<=$C$10,"atteint à la PHMA 2050",IF(C25<=$C$17,"atteint par le niveau 5 ans",IF(C25<=$C$18,"atteint par le niveau 10 ans",IF(C25<=$C$19,"atteint par le niveau 20 ans",IF(C25<=$C$20,"atteint par le niveau 50 ans",IF(C25<=$C$21,"atteint par le niveau le plus élevé","hors d'eau statique")))))))) -> atteint par le niveau 5 ans | E25: AVP p. 15/96
A26: Dessus du platelage (fini) | B26: 1.445 | C26: =B26-$B$3 -> 1.774 | D26: =IF(C26<=$C$12,"toujours immergé",IF(C26<=$C$11,"immergé au niveau moyen 2050",IF(C26<=$C$10,"atteint à la PHMA 2050",IF(C26<=$C$17,"atteint par le niveau 5 ans",IF(C26<=$C$18,"atteint par le niveau 10 ans",IF(C26<=$C$19,"atteint par le niveau 20 ans",IF(C26<=$C$20,"atteint par le niveau 50 ans",IF(C26<=$C$21,"atteint par le niveau le plus élevé","hors d'eau statique")))))))) -> atteint par le niveau le plus élevé | E26: +1,40 + planches 45 mm (hypothèse)
A27: Dessus des poutres et des pannes (pose du platelage) | B27: 1.4 | C27: =B27-$B$3 -> 1.729 | D27: =IF(C27<=$C$12,"toujours immergé",IF(C27<=$C$11,"immergé au niveau moyen 2050",IF(C27<=$C$10,"atteint à la PHMA 2050",IF(C27<=$C$17,"atteint par le niveau 5 ans",IF(C27<=$C$18,"atteint par le niveau 10 ans",IF(C27<=$C$19,"atteint par le niveau 20 ans",IF(C27<=$C$20,"atteint par le niveau 50 ans",IF(C27<=$C$21,"atteint par le niveau le plus élevé","hors d'eau statique")))))))) -> atteint par le niveau 50 ans | E27: AVP p. 15/96 : arase supérieure du tablier, décision MM
A28: Sous-face des pannes 50×50 | B28: 1.35 | C28: =B28-$B$3 -> 1.679 | D28: =IF(C28<=$C$12,"toujours immergé",IF(C28<=$C$11,"immergé au niveau moyen 2050",IF(C28<=$C$10,"atteint à la PHMA 2050",IF(C28<=$C$17,"atteint par le niveau 5 ans",IF(C28<=$C$18,"atteint par le niveau 10 ans",IF(C28<=$C$19,"atteint par le niveau 20 ans",IF(C28<=$C$20,"atteint par le niveau 50 ans",IF(C28<=$C$21,"atteint par le niveau le plus élevé","hors d'eau statique")))))))) -> atteint par le niveau 50 ans
A29: Sous-face des poutres 200×200 | B29: 1.2 | C29: =B29-$B$3 -> 1.529 | D29: =IF(C29<=$C$12,"toujours immergé",IF(C29<=$C$11,"immergé au niveau moyen 2050",IF(C29<=$C$10,"atteint à la PHMA 2050",IF(C29<=$C$17,"atteint par le niveau 5 ans",IF(C29<=$C$18,"atteint par le niveau 10 ans",IF(C29<=$C$19,"atteint par le niveau 20 ans",IF(C29<=$C$20,"atteint par le niveau 50 ans",IF(C29<=$C$21,"atteint par le niveau le plus élevé","hors d'eau statique")))))))) -> atteint par le niveau 10 ans
A30: Axe des appuis articulés | B30: 1.16 | C30: =B30-$B$3 -> 1.489 | D30: =IF(C30<=$C$12,"toujours immergé",IF(C30<=$C$11,"immergé au niveau moyen 2050",IF(C30<=$C$10,"atteint à la PHMA 2050",IF(C30<=$C$17,"atteint par le niveau 5 ans",IF(C30<=$C$18,"atteint par le niveau 10 ans",IF(C30<=$C$19,"atteint par le niveau 20 ans",IF(C30<=$C$20,"atteint par le niveau 50 ans",IF(C30<=$C$21,"atteint par le niveau le plus élevé","hors d'eau statique")))))))) -> atteint par le niveau 10 ans | E30: P54
A31: Dessus du chevêtre | B31: 1.09 | C31: =B31-$B$3 -> 1.419 | D31: =IF(C31<=$C$12,"toujours immergé",IF(C31<=$C$11,"immergé au niveau moyen 2050",IF(C31<=$C$10,"atteint à la PHMA 2050",IF(C31<=$C$17,"atteint par le niveau 5 ans",IF(C31<=$C$18,"atteint par le niveau 10 ans",IF(C31<=$C$19,"atteint par le niveau 20 ans",IF(C31<=$C$20,"atteint par le niveau 50 ans",IF(C31<=$C$21,"atteint par le niveau le plus élevé","hors d'eau statique")))))))) -> atteint par le niveau 5 ans | E31: AVP
A32: Arase inférieure du chevêtre (têtes de piles) | B32: 0.69 | C32: =B32-$B$3 -> 1.019 | D32: =IF(C32<=$C$12,"toujours immergé",IF(C32<=$C$11,"immergé au niveau moyen 2050",IF(C32<=$C$10,"atteint à la PHMA 2050",IF(C32<=$C$17,"atteint par le niveau 5 ans",IF(C32<=$C$18,"atteint par le niveau 10 ans",IF(C32<=$C$19,"atteint par le niveau 20 ans",IF(C32<=$C$20,"atteint par le niveau 50 ans",IF(C32<=$C$21,"atteint par le niveau le plus élevé","hors d'eau statique")))))))) -> atteint par le niveau 5 ans | E32: AVP
A33: Dessus de semelle, palée P1 (pile 1,30 m) | B33: -0.61 | C33: =B33-$B$3 -> -0.281 | D33: =IF(C33<=$C$12,"toujours immergé",IF(C33<=$C$11,"immergé au niveau moyen 2050",IF(C33<=$C$10,"atteint à la PHMA 2050",IF(C33<=$C$17,"atteint par le niveau 5 ans",IF(C33<=$C$18,"atteint par le niveau 10 ans",IF(C33<=$C$19,"atteint par le niveau 20 ans",IF(C33<=$C$20,"atteint par le niveau 50 ans",IF(C33<=$C$21,"atteint par le niveau le plus élevé","hors d'eau statique")))))))) -> toujours immergé | E33: diagnostic Sixense, annexe 2
A34: Fond, palée P1 | B34: -0.81 | C34: =B34-$B$3 -> -0.481 | D34: =IF(C34<=$C$12,"toujours immergé",IF(C34<=$C$11,"immergé au niveau moyen 2050",IF(C34<=$C$10,"atteint à la PHMA 2050",IF(C34<=$C$17,"atteint par le niveau 5 ans",IF(C34<=$C$18,"atteint par le niveau 10 ans",IF(C34<=$C$19,"atteint par le niveau 20 ans",IF(C34<=$C$20,"atteint par le niveau 50 ans",IF(C34<=$C$21,"atteint par le niveau le plus élevé","hors d'eau statique")))))))) -> toujours immergé | E34: semelle 0,20 m
A35: Dessus de semelle, palée P5 (pile 3,90 m) | B35: -3.21 | C35: =B35-$B$3 -> -2.881 | D35: =IF(C35<=$C$12,"toujours immergé",IF(C35<=$C$11,"immergé au niveau moyen 2050",IF(C35<=$C$10,"atteint à la PHMA 2050",IF(C35<=$C$17,"atteint par le niveau 5 ans",IF(C35<=$C$18,"atteint par le niveau 10 ans",IF(C35<=$C$19,"atteint par le niveau 20 ans",IF(C35<=$C$20,"atteint par le niveau 50 ans",IF(C35<=$C$21,"atteint par le niveau le plus élevé","hors d'eau statique")))))))) -> toujours immergé | E35: diagnostic Sixense, annexe 2
A36: Fond, palée P5 | B36: -3.41 | C36: =B36-$B$3 -> -3.081 | D36: =IF(C36<=$C$12,"toujours immergé",IF(C36<=$C$11,"immergé au niveau moyen 2050",IF(C36<=$C$10,"atteint à la PHMA 2050",IF(C36<=$C$17,"atteint par le niveau 5 ans",IF(C36<=$C$18,"atteint par le niveau 10 ans",IF(C36<=$C$19,"atteint par le niveau 20 ans",IF(C36<=$C$20,"atteint par le niveau 50 ans",IF(C36<=$C$21,"atteint par le niveau le plus élevé","hors d'eau statique")))))))) -> toujours immergé | E36: semelle 0,20 m
A38: Lecture : le dessus des poutres (+1,40 NGF = +1,729 CM) est au niveau de projet 50 ans (+1,73 CM). La sous-face des poutres (+1,20 NGF = +1,529 CM) est atteinte en statique dès le niveau 10 ans, avant toute houle.
A39: Le chevêtre (+0,69 à +1,09 NGF = +1,019 à +1,419 CM) est hors d'eau à la PHMA 2050 (+0,90 CM) et immergé dès le niveau 5 ans (+1,45 CM). Piles et semelles sont immergées au niveau moyen.

Sheet Houle
A1: Données de houle — étude MS414803 (juin 2021), port de Carro, zone 2 (plaisance)
A2: ARTEMIS, configuration actuelle, niveau PHMA (NM + 0,21 m), sans mer de vent locale. Hs moyen sur la zone 2.
A4: Grandeur | B4: 0,1 an (courant) | C4: 1 an | D4: 5 ans | E4: 50 ans | F4: Source / commentaire
A5: Hs zone 2, secteur E (m) | B5: 0.25 | C5: 0.64 | D5: 0.85 | E5: =D5*E7/D7 -> 1.1267442 | F5: MS414803 tab. 8 ; 50 ans EXTRAPOLÉ au prorata de la houle du large (indicatif)
A6: Tp en approche, secteur E (s) | B6: 7.1 | C6: 10.3 | D6: 11.5 | F6: MS414803 tab. 5
A7: Hm0 au large, secteur E (m) | B7: 2.3 | C7: 6.4 | D7: 8.6 | E7: 11.4 | F7: MS414803 tab. 3 (ANEMOC-2, jugé surestimé pour les secteurs S à E, §7.5.2.3)
A9: Limites : Hs 50 ans en zone 2 non fourni par l'étude (extrapolation) ; vagues de vent locales non modélisées ; étude réalisée au niveau PHMA, pas aux niveaux de tempête.

Sheet Pressions par état
A1: Valeurs représentatives de l'action de la houle sur le tablier (EN 1990 : caractéristique = période de retour 50 ans)
A2: Méthode quasi statique : sous la crête, pression ρg·(η − z) sur chaque surface pleine, à sa cote. Crête η = niveau + κ·Hmax, Hmax = min(1,8 Hs ; 0,78 d).
A4: Paramètre | B4: Valeur | C4: Unité | D4: Source
A5: ρg | B5: 10.05 | C5: kN/m³ | D5: eau de mer 1025 kg/m³
A6: Hmax/Hs | B6: 1.8 | C6: - | D6: Rayleigh
A7: H/d déferlement | B7: 0.78 | C7: - | D7: usuel
A8: κ = crête / Hmax | B8: 0.75 | C8: - | D8: hypothèse (houle longue en faible profondeur)
A9: Largeur sous tubes | B9: 0.4 | C9: m | D9: 2 × 0,20
A10: Largeur sous pannes | B10: 0.2 | C10: m | D10: 4 × 0,05
A11: Largeur sous planches | B11: =(2-B9-B10)*(1-0.008/0.153) -> 1.3267974 | C11: m | D11: joints de 8 mm déduits
A12: Largeur dessus platelage | B12: =2*(1-0.008/0.153) -> 1.8954248 | C12: m
A14: État / scénario | B14: Palée | C14: Niveau (m NGF) | D14: Hs (m) | E14: Fond (m NGF) | F14: d (m) | G14: Hmax (m) | H14: Crête (m NGF) | I14: p tubes (kPa) | J14: p pannes (kPa) | K14: p planches (kPa) | L14: q montante (kN/m) | M14: équiv. 2 m (kPa) | N14: p descendante (kPa) | O14: Retenu
A15: QP : NM 2050 + Hs courant | B15: P1 | C15: ='Niveaux d''eau'!$D$11 -> 0.361 | D15: =Houle!$B$5 -> 0.25 | E15: ='Niveaux d''eau'!$B$34 -> -0.81 | F15: =C15-E15 -> 1.171 | G15: =MIN($B$6*D15,$B$7*F15) -> 0.45 | H15: =C15+$B$8*G15 -> 0.6985 | I15: =$B$5*MAX(0,H15-'Niveaux d''eau'!$B$29) -> 0 | J15: =$B$5*MAX(0,H15-'Niveaux d''eau'!$B$28) -> 0 | K15: =$B$5*MAX(0,H15-'Niveaux d''eau'!$B$27) -> 0 | L15: =I15*$B$9+J15*$B$10+K15*$B$11 -> 0 | M15: =L15/2 -> 0 | N15: =$B$5*MAX(0,H15-'Niveaux d''eau'!$B$26) -> 0 | O15: quasi permanent
A16: QP : NM 2050 + Hs courant | B16: P5 | C16: ='Niveaux d''eau'!$D$11 -> 0.361 | D16: =Houle!$B$5 -> 0.25 | E16: ='Niveaux d''eau'!$B$36 -> -3.41 | F16: =C16-E16 -> 3.771 | G16: =MIN($B$6*D16,$B$7*F16) -> 0.45 | H16: =C16+$B$8*G16 -> 0.6985 | I16: =$B$5*MAX(0,H16-'Niveaux d''eau'!$B$29) -> 0 | J16: =$B$5*MAX(0,H16-'Niveaux d''eau'!$B$28) -> 0 | K16: =$B$5*MAX(0,H16-'Niveaux d''eau'!$B$27) -> 0 | L16: =I16*$B$9+J16*$B$10+K16*$B$11 -> 0 | M16: =L16/2 -> 0 | N16: =$B$5*MAX(0,H16-'Niveaux d''eau'!$B$26) -> 0 | O16: quasi permanent
A17: Fréquent : PHMA 2050 + Hs 1 an | B17: P1 | C17: ='Niveaux d''eau'!$D$10 -> 0.571 | D17: =Houle!$C$5 -> 0.64 | E17: ='Niveaux d''eau'!$B$34 -> -0.81 | F17: =C17-E17 -> 1.381 | G17: =MIN($B$6*D17,$B$7*F17) -> 1.07718 | H17: =C17+$B$8*G17 -> 1.378885 | I17: =$B$5*MAX(0,H17-'Niveaux d''eau'!$B$29) -> 1.7977942 | J17: =$B$5*MAX(0,H17-'Niveaux d''eau'!$B$28) -> 0.29029425 | K17: =$B$5*MAX(0,H17-'Niveaux d''eau'!$B$27) -> 0 | L17: =I17*$B$9+J17*$B$10+K17*$B$11 -> 0.77717655 | M17: =L17/2 -> 0.38858827 | N17: =$B$5*MAX(0,H17-'Niveaux d''eau'!$B$26) -> 0 | O17: fréquent
A18: Fréquent : PHMA 2050 + Hs 1 an | B18: P5 | C18: ='Niveaux d''eau'!$D$10 -> 0.571 | D18: =Houle!$C$5 -> 0.64 | E18: ='Niveaux d''eau'!$B$36 -> -3.41 | F18: =C18-E18 -> 3.981 | G18: =MIN($B$6*D18,$B$7*F18) -> 1.152 | H18: =C18+$B$8*G18 -> 1.435 | I18: =$B$5*MAX(0,H18-'Niveaux d''eau'!$B$29) -> 2.36175 | J18: =$B$5*MAX(0,H18-'Niveaux d''eau'!$B$28) -> 0.85425 | K18: =$B$5*MAX(0,H18-'Niveaux d''eau'!$B$27) -> 0.35175 | L18: =I18*$B$9+J18*$B$10+K18*$B$11 -> 1.582251 | M18: =L18/2 -> 0.79112549 | N18: =$B$5*MAX(0,H18-'Niveaux d''eau'!$B$26) -> 0 | O18: fréquent
A19: Caract. a : niveau 50 ans + Hs 5 ans | B19: P1 | C19: ='Niveaux d''eau'!$D$20 -> 1.401 | D19: =Houle!$D$5 -> 0.85 | E19: ='Niveaux d''eau'!$B$34 -> -0.81 | F19: =C19-E19 -> 2.211 | G19: =MIN($B$6*D19,$B$7*F19) -> 1.53 | H19: =C19+$B$8*G19 -> 2.5485 | I19: =$B$5*MAX(0,H19-'Niveaux d''eau'!$B$29) -> 13.552425 | J19: =$B$5*MAX(0,H19-'Niveaux d''eau'!$B$28) -> 12.044925 | K19: =$B$5*MAX(0,H19-'Niveaux d''eau'!$B$27) -> 11.542425 | L19: =I19*$B$9+J19*$B$10+K19*$B$11 -> 23.144414 | M19: =L19/2 -> 11.572207 | N19: =$B$5*MAX(0,H19-'Niveaux d''eau'!$B$26) -> 11.090175 | O19: =IF(L19>=L21,"caractéristique P1","") -> caractéristique P1
A20: Caract. a : niveau 50 ans + Hs 5 ans | B20: P5 | C20: ='Niveaux d''eau'!$D$20 -> 1.401 | D20: =Houle!$D$5 -> 0.85 | E20: ='Niveaux d''eau'!$B$36 -> -3.41 | F20: =C20-E20 -> 4.811 | G20: =MIN($B$6*D20,$B$7*F20) -> 1.53 | H20: =C20+$B$8*G20 -> 2.5485 | I20: =$B$5*MAX(0,H20-'Niveaux d''eau'!$B$29) -> 13.552425 | J20: =$B$5*MAX(0,H20-'Niveaux d''eau'!$B$28) -> 12.044925 | K20: =$B$5*MAX(0,H20-'Niveaux d''eau'!$B$27) -> 11.542425 | L20: =I20*$B$9+J20*$B$10+K20*$B$11 -> 23.144414 | M20: =L20/2 -> 11.572207 | N20: =$B$5*MAX(0,H20-'Niveaux d''eau'!$B$26) -> 11.090175 | O20: =IF(L20>=L22,"caractéristique P5","")
A21: Caract. b : niveau 5 ans + Hs 50 ans (extrapolé) | B21: P1 | C21: ='Niveaux d''eau'!$D$17 -> 1.121 | D21: =Houle!$E$5 -> 1.1267442 | E21: ='Niveaux d''eau'!$B$34 -> -0.81 | F21: =C21-E21 -> 1.931 | G21: =MIN($B$6*D21,$B$7*F21) -> 1.50618 | H21: =C21+$B$8*G21 -> 2.250635 | I21: =$B$5*MAX(0,H21-'Niveaux d''eau'!$B$29) -> 10.558882 | J21: =$B$5*MAX(0,H21-'Niveaux d''eau'!$B$28) -> 9.0513817 | K21: =$B$5*MAX(0,H21-'Niveaux d''eau'!$B$27) -> 8.5488817 | L21: =I21*$B$9+J21*$B$10+K21*$B$11 -> 17.376463 | M21: =L21/2 -> 8.6882315 | N21: =$B$5*MAX(0,H21-'Niveaux d''eau'!$B$26) -> 8.0966318 | O21: =IF(L21>=L19,"caractéristique P1","")
A22: Caract. b : niveau 5 ans + Hs 50 ans (extrapolé) | B22: P5 | C22: ='Niveaux d''eau'!$D$17 -> 1.121 | D22: =Houle!$E$5 -> 1.1267442 | E22: ='Niveaux d''eau'!$B$36 -> -3.41 | F22: =C22-E22 -> 4.531 | G22: =MIN($B$6*D22,$B$7*F22) -> 2.0281395 | H22: =C22+$B$8*G22 -> 2.6421047 | I22: =$B$5*MAX(0,H22-'Niveaux d''eau'!$B$29) -> 14.493152 | J22: =$B$5*MAX(0,H22-'Niveaux d''eau'!$B$28) -> 12.985652 | K22: =$B$5*MAX(0,H22-'Niveaux d''eau'!$B$27) -> 12.483152 | L22: =I22*$B$9+J22*$B$10+K22*$B$11 -> 24.957004 | M22: =L22/2 -> 12.478502 | N22: =$B$5*MAX(0,H22-'Niveaux d''eau'!$B$26) -> 12.030902 | O22: =IF(L22>=L20,"caractéristique P5","") -> caractéristique P5
A23: Info : niveau le plus élevé + Hs 5 ans | B23: P1 | C23: ='Niveaux d''eau'!$D$21 -> 1.611 | D23: =Houle!$D$5 -> 0.85 | E23: ='Niveaux d''eau'!$B$34 -> -0.81 | F23: =C23-E23 -> 2.421 | G23: =MIN($B$6*D23,$B$7*F23) -> 1.53 | H23: =C23+$B$8*G23 -> 2.7585 | I23: =$B$5*MAX(0,H23-'Niveaux d''eau'!$B$29) -> 15.662925 | J23: =$B$5*MAX(0,H23-'Niveaux d''eau'!$B$28) -> 14.155425 | K23: =$B$5*MAX(0,H23-'Niveaux d''eau'!$B$27) -> 13.652925 | L23: =I23*$B$9+J23*$B$10+K23*$B$11 -> 27.21092 | M23: =L23/2 -> 13.60546 | N23: =$B$5*MAX(0,H23-'Niveaux d''eau'!$B$26) -> 13.200675 | O23: sensibilité
A24: Info : niveau le plus élevé + Hs 5 ans | B24: P5 | C24: ='Niveaux d''eau'!$D$21 -> 1.611 | D24: =Houle!$D$5 -> 0.85 | E24: ='Niveaux d''eau'!$B$36 -> -3.41 | F24: =C24-E24 -> 5.021 | G24: =MIN($B$6*D24,$B$7*F24) -> 1.53 | H24: =C24+$B$8*G24 -> 2.7585 | I24: =$B$5*MAX(0,H24-'Niveaux d''eau'!$B$29) -> 15.662925 | J24: =$B$5*MAX(0,H24-'Niveaux d''eau'!$B$28) -> 14.155425 | K24: =$B$5*MAX(0,H24-'Niveaux d''eau'!$B$27) -> 13.652925 | L24: =I24*$B$9+J24*$B$10+K24*$B$11 -> 27.21092 | M24: =L24/2 -> 13.60546 | N24: =$B$5*MAX(0,H24-'Niveaux d''eau'!$B$26) -> 13.200675 | O24: sensibilité
A26: Coefficients des cas unitaires de 1 kPa pour le lot 51 ter (valeurs sans γ)
A27: Événement | B27: Palée | C27: HU_TUBES | D27: HU_PANNES | E27: HU_PLATELAGE | F27: HD_TABLIER | G27: équiv. 2 m (kPa) | H27: Usage
A28: HU (caractéristique) | B28: P1 (variantes C) | C28: =I19 -> 13.552425 | D28: =J19 -> 12.044925 | E28: =K19 -> 11.542425 | F28: =N19 -> 11.090175 | G28: =M19 -> 11.572207 | H28: ELU (× γ), ELS caractéristique
A29: HU (caractéristique) | B29: P5 (variantes P) | C29: =I22 -> 14.493152 | D29: =J22 -> 12.985652 | E29: =K22 -> 12.483152 | F29: =N22 -> 12.030902 | G29: =M22 -> 12.478502 | H29: ELU (× γ), ELS caractéristique
A30: HU_F (fréquent) | B30: P1 (variantes C) | C30: =I17 -> 1.7977942 | D30: =J17 -> 0.29029425 | E30: =K17 -> 0 | F30: 0 | G30: =M17 -> 0.38858827 | H30: ELS fréquent (dominante houle)
A31: HU_F (fréquent) | B31: P5 (variantes P) | C31: =I18 -> 2.36175 | D31: =J18 -> 0.85425 | E31: =K18 -> 0.35175 | F31: 0 | G31: =M18 -> 0.79112549 | H31: ELS fréquent (dominante houle)
A32: Quasi permanent | B32: P1 et P5 | C32: 0 | D32: 0 | E32: 0 | F32: 0 | G32: 0 | H32: pas de contact
A34: Lecture : en caractéristique (50 ans), la sous-pression équivaut à 11,6 kPa (P1) et 12,5 kPa (P5), soit 2,3 à 2,5 fois le forfait AVP de 5 kPa. En fréquent, elle reste faible (0,4 à 0,8 kPa) ; en quasi permanent, la houle ne touche pas le tablier.
A35: La méthode quasi statique est une borne haute pour un tablier étroit envahi rapidement par les rives. La réduire demande une méthode dédiée (HR Wallingford, McConnell et al. 2004) ou un essai.
A36: Ordre de grandeur palée courte : soulèvement caractéristique ≈ 23 kN/m × 7,77 m ≈ 180 kN contre ≈ 80 kN de poids déjaugé : ancrage indispensable, de l'ordre de 100 kN à l'ELS caractéristique et 200 kN à l'ELU par palée.
